timeStamp,elapsed,label,responseCode,responseMessage,threadName,dataType,success,failureMessage,bytes,sentBytes,grpThreads,allThreads,URL,Latency,IdleTime,Connect
1705667271880,1574,casestudy-1,200,OK,AssignmentTask3 6-4,text,true,,164548,576,10,89,https://www.imagicaaworld.com/theme-park/?utm_source=google_sem&utm_medium=brand_keywords&gad_source=1&gclid=Cj0KCQiA2KitBhCIARIsAPPMEhL9nRlbRM3d6SQU2RDymH4kqL0RJAySppB7qMlfbGdIOYKdcEnLqA0aAlpIEALw_wcB,665,0,197
1705667271880,665,casestudy-1-0,301,Moved Permanently,AssignmentTask3 6-4,text,true,,562,286,10,89,https://imagicaaworld.com/theme-park/?utm_source=google_sem&utm_medium=brand_keywords&gad_source=1&gclid=Cj0KCQiA2KitBhCIARIsAPPMEhL9nRlbRM3d6SQU2RDymH4kqL0RJAySppB7qMlfbGdIOYKdcEnLqA0aAlpIEALw_wcB,665,0,197
1705667272545,909,casestudy-1-1,200,OK,AssignmentTask3 6-4,text,true,,163986,290,10,89,https://www.imagicaaworld.com/theme-park/?utm_source=google_sem&utm_medium=brand_keywords&gad_source=1&gclid=Cj0KCQiA2KitBhCIARIsAPPMEhL9nRlbRM3d6SQU2RDymH4kqL0RJAySppB7qMlfbGdIOYKdcEnLqA0aAlpIEALw_wcB,850,0,154
1705667271880,1744,casestudy-1,200,OK,AssignmentTask3 6-7,text,true,,164549,576,10,92,https://www.imagicaaworld.com/theme-park/?utm_source=google_sem&utm_medium=brand_keywords&gad_source=1&gclid=Cj0KCQiA2KitBhCIARIsAPPMEhL9nRlbRM3d6SQU2RDymH4kqL0RJAySppB7qMlfbGdIOYKdcEnLqA0aAlpIEALw_wcB,610,0,197
1705667271880,610,casestudy-1-0,301,Moved Permanently,AssignmentTask3 6-7,text,true,,562,286,10,92,https://imagicaaworld.com/theme-park/?utm_source=google_sem&utm_medium=brand_keywords&gad_source=1&gclid=Cj0KCQiA2KitBhCIARIsAPPMEhL9nRlbRM3d6SQU2RDymH4kqL0RJAySppB7qMlfbGdIOYKdcEnLqA0aAlpIEALw_wcB,610,0,197
1705667272490,1134,casestudy-1-1,200,OK,AssignmentTask3 6-7,text,true,,163987,290,10,92,https://www.imagicaaworld.com/theme-park/?utm_source=google_sem&utm_medium=brand_keywords&gad_source=1&gclid=Cj0KCQiA2KitBhCIARIsAPPMEhL9nRlbRM3d6SQU2RDymH4kqL0RJAySppB7qMlfbGdIOYKdcEnLqA0aAlpIEALw_wcB,933,0,213
1705667271880,2139,casestudy-1,200,OK,AssignmentTask3 6-6,text,true,,164550,576,10,90,https://www.imagicaaworld.com/theme-park/?utm_source=google_sem&utm_medium=brand_keywords&gad_source=1&gclid=Cj0KCQiA2KitBhCIARIsAPPMEhL9nRlbRM3d6SQU2RDymH4kqL0RJAySppB7qMlfbGdIOYKdcEnLqA0aAlpIEALw_wcB,622,0,199
1705667271880,622,casestudy-1-0,301,Moved Permanently,AssignmentTask3 6-6,text,true,,562,286,10,90,https://imagicaaworld.com/theme-park/?utm_source=google_sem&utm_medium=brand_keywords&gad_source=1&gclid=Cj0KCQiA2KitBhCIARIsAPPMEhL9nRlbRM3d6SQU2RDymH4kqL0RJAySppB7qMlfbGdIOYKdcEnLqA0aAlpIEALw_wcB,622,0,199
1705667272503,1516,casestudy-1-1,200,OK,AssignmentTask3 6-6,text,true,,163988,290,10,90,https://www.imagicaaworld.com/theme-park/?utm_source=google_sem&utm_medium=brand_keywords&gad_source=1&gclid=Cj0KCQiA2KitBhCIARIsAPPMEhL9nRlbRM3d6SQU2RDymH4kqL0RJAySppB7qMlfbGdIOYKdcEnLqA0aAlpIEALw_wcB,920,0,202
1705667271879,2696,casestudy-1,200,OK,AssignmentTask3 6-9,text,true,,164548,576,10,76,https://www.imagicaaworld.com/theme-park/?utm_source=google_sem&utm_medium=brand_keywords&gad_source=1&gclid=Cj0KCQiA2KitBhCIARIsAPPMEhL9nRlbRM3d6SQU2RDymH4kqL0RJAySppB7qMlfbGdIOYKdcEnLqA0aAlpIEALw_wcB,1809,0,1289
1705667271879,1809,casestudy-1-0,301,Moved Permanently,AssignmentTask3 6-9,text,true,,562,286,10,76,https://imagicaaworld.com/theme-park/?utm_source=google_sem&utm_medium=brand_keywords&gad_source=1&gclid=Cj0KCQiA2KitBhCIARIsAPPMEhL9nRlbRM3d6SQU2RDymH4kqL0RJAySppB7qMlfbGdIOYKdcEnLqA0aAlpIEALw_wcB,1809,0,1289
1705667273688,887,casestudy-1-1,200,OK,AssignmentTask3 6-9,text,true,,163986,290,10,76,https://www.imagicaaworld.com/theme-park/?utm_source=google_sem&utm_medium=brand_keywords&gad_source=1&gclid=Cj0KCQiA2KitBhCIARIsAPPMEhL9nRlbRM3d6SQU2RDymH4kqL0RJAySppB7qMlfbGdIOYKdcEnLqA0aAlpIEALw_wcB,825,0,81
1705667271880,2705,casestudy-1,200,OK,AssignmentTask3 6-8,text,true,,164548,576,10,75,https://www.imagicaaworld.com/theme-park/?utm_source=google_sem&utm_medium=brand_keywords&gad_source=1&gclid=Cj0KCQiA2KitBhCIARIsAPPMEhL9nRlbRM3d6SQU2RDymH4kqL0RJAySppB7qMlfbGdIOYKdcEnLqA0aAlpIEALw_wcB,1878,0,1327
1705667271880,1878,casestudy-1-0,301,Moved Permanently,AssignmentTask3 6-8,text,true,,562,286,10,75,https://imagicaaworld.com/theme-park/?utm_source=google_sem&utm_medium=brand_keywords&gad_source=1&gclid=Cj0KCQiA2KitBhCIARIsAPPMEhL9nRlbRM3d6SQU2RDymH4kqL0RJAySppB7qMlfbGdIOYKdcEnLqA0aAlpIEALw_wcB,1878,0,1327
1705667273758,827,casestudy-1-1,200,OK,AssignmentTask3 6-8,text,true,,163986,290,10,75,https://www.imagicaaworld.com/theme-park/?utm_source=google_sem&utm_medium=brand_keywords&gad_source=1&gclid=Cj0KCQiA2KitBhCIARIsAPPMEhL9nRlbRM3d6SQU2RDymH4kqL0RJAySppB7qMlfbGdIOYKdcEnLqA0aAlpIEALw_wcB,783,0,94
1705667271880,2729,casestudy-1,200,OK,AssignmentTask3 6-3,text,true,,164548,576,10,75,https://www.imagicaaworld.com/theme-park/?utm_source=google_sem&utm_medium=brand_keywords&gad_source=1&gclid=Cj0KCQiA2KitBhCIARIsAPPMEhL9nRlbRM3d6SQU2RDymH4kqL0RJAySppB7qMlfbGdIOYKdcEnLqA0aAlpIEALw_wcB,1835,0,1288
1705667271880,1835,casestudy-1-0,301,Moved Permanently,AssignmentTask3 6-3,text,true,,562,286,10,75,https://imagicaaworld.com/theme-park/?utm_source=google_sem&utm_medium=brand_keywords&gad_source=1&gclid=Cj0KCQiA2KitBhCIARIsAPPMEhL9nRlbRM3d6SQU2RDymH4kqL0RJAySppB7qMlfbGdIOYKdcEnLqA0aAlpIEALw_wcB,1835,0,1288
1705667273715,894,casestudy-1-1,200,OK,AssignmentTask3 6-3,text,true,,163986,290,10,75,https://www.imagicaaworld.com/theme-park/?utm_source=google_sem&utm_medium=brand_keywords&gad_source=1&gclid=Cj0KCQiA2KitBhCIARIsAPPMEhL9nRlbRM3d6SQU2RDymH4kqL0RJAySppB7qMlfbGdIOYKdcEnLqA0aAlpIEALw_wcB,834,0,83
1705667271880,2740,casestudy-1,200,OK,AssignmentTask3 6-5,text,true,,164550,576,10,75,https://www.imagicaaworld.com/theme-park/?utm_source=google_sem&utm_medium=brand_keywords&gad_source=1&gclid=Cj0KCQiA2KitBhCIARIsAPPMEhL9nRlbRM3d6SQU2RDymH4kqL0RJAySppB7qMlfbGdIOYKdcEnLqA0aAlpIEALw_wcB,1921,0,1288
1705667271880,1921,casestudy-1-0,301,Moved Permanently,AssignmentTask3 6-5,text,true,,562,286,10,75,https://imagicaaworld.com/theme-park/?utm_source=google_sem&utm_medium=brand_keywords&gad_source=1&gclid=Cj0KCQiA2KitBhCIARIsAPPMEhL9nRlbRM3d6SQU2RDymH4kqL0RJAySppB7qMlfbGdIOYKdcEnLqA0aAlpIEALw_wcB,1921,0,1288
1705667273801,819,casestudy-1-1,200,OK,AssignmentTask3 6-5,text,true,,163988,290,10,75,https://www.imagicaaworld.com/theme-park/?utm_source=google_sem&utm_medium=brand_keywords&gad_source=1&gclid=Cj0KCQiA2KitBhCIARIsAPPMEhL9nRlbRM3d6SQU2RDymH4kqL0RJAySppB7qMlfbGdIOYKdcEnLqA0aAlpIEALw_wcB,768,0,96
1705667271880,2800,casestudy-1,200,OK,AssignmentTask3 6-2,text,true,,164558,576,10,74,https://www.imagicaaworld.com/theme-park/?utm_source=google_sem&utm_medium=brand_keywords&gad_source=1&gclid=Cj0KCQiA2KitBhCIARIsAPPMEhL9nRlbRM3d6SQU2RDymH4kqL0RJAySppB7qMlfbGdIOYKdcEnLqA0aAlpIEALw_wcB,667,0,196
1705667271880,667,casestudy-1-0,301,Moved Permanently,AssignmentTask3 6-2,text,true,,562,286,10,74,https://imagicaaworld.com/theme-park/?utm_source=google_sem&utm_medium=brand_keywords&gad_source=1&gclid=Cj0KCQiA2KitBhCIARIsAPPMEhL9nRlbRM3d6SQU2RDymH4kqL0RJAySppB7qMlfbGdIOYKdcEnLqA0aAlpIEALw_wcB,667,0,196
1705667272547,2133,casestudy-1-1,200,OK,AssignmentTask3 6-2,text,true,,163996,290,10,74,https://www.imagicaaworld.com/theme-park/?utm_source=google_sem&utm_medium=brand_keywords&gad_source=1&gclid=Cj0KCQiA2KitBhCIARIsAPPMEhL9nRlbRM3d6SQU2RDymH4kqL0RJAySppB7qMlfbGdIOYKdcEnLqA0aAlpIEALw_wcB,858,0,157
1705667271880,3355,casestudy-1,200,OK,AssignmentTask3 6-1,text,true,,164548,576,10,63,https://www.imagicaaworld.com/theme-park/?utm_source=google_sem&utm_medium=brand_keywords&gad_source=1&gclid=Cj0KCQiA2KitBhCIARIsAPPMEhL9nRlbRM3d6SQU2RDymH4kqL0RJAySppB7qMlfbGdIOYKdcEnLqA0aAlpIEALw_wcB,1945,0,1310
1705667271880,1945,casestudy-1-0,301,Moved Permanently,AssignmentTask3 6-1,text,true,,562,286,10,63,https://imagicaaworld.com/theme-park/?utm_source=google_sem&utm_medium=brand_keywords&gad_source=1&gclid=Cj0KCQiA2KitBhCIARIsAPPMEhL9nRlbRM3d6SQU2RDymH4kqL0RJAySppB7qMlfbGdIOYKdcEnLqA0aAlpIEALw_wcB,1945,0,1310
1705667273825,1410,casestudy-1-1,200,OK,AssignmentTask3 6-1,text,true,,163986,290,10,63,https://www.imagicaaworld.com/theme-park/?utm_source=google_sem&utm_medium=brand_keywords&gad_source=1&gclid=Cj0KCQiA2KitBhCIARIsAPPMEhL9nRlbRM3d6SQU2RDymH4kqL0RJAySppB7qMlfbGdIOYKdcEnLqA0aAlpIEALw_wcB,1110,0,342
1705667271879,3603,casestudy-1,200,OK,AssignmentTask3 6-10,text,true,,164548,576,10,57,https://www.imagicaaworld.com/theme-park/?utm_source=google_sem&utm_medium=brand_keywords&gad_source=1&gclid=Cj0KCQiA2KitBhCIARIsAPPMEhL9nRlbRM3d6SQU2RDymH4kqL0RJAySppB7qMlfbGdIOYKdcEnLqA0aAlpIEALw_wcB,2858,0,2395
1705667271879,2858,casestudy-1-0,301,Moved Permanently,AssignmentTask3 6-10,text,true,,562,286,10,57,https://imagicaaworld.com/theme-park/?utm_source=google_sem&utm_medium=brand_keywords&gad_source=1&gclid=Cj0KCQiA2KitBhCIARIsAPPMEhL9nRlbRM3d6SQU2RDymH4kqL0RJAySppB7qMlfbGdIOYKdcEnLqA0aAlpIEALw_wcB,2858,0,2395
1705667274738,744,casestudy-1-1,200,OK,AssignmentTask3 6-10,text,true,,163986,290,10,57,https://www.imagicaaworld.com/theme-park/?utm_source=google_sem&utm_medium=brand_keywords&gad_source=1&gclid=Cj0KCQiA2KitBhCIARIsAPPMEhL9nRlbRM3d6SQU2RDymH4kqL0RJAySppB7qMlfbGdIOYKdcEnLqA0aAlpIEALw_wcB,686,0,62
1705667275581,1960,casestudy-3(familyrides),200,OK,AssignmentTask3 6-9,text,true,,116045,298,10,14,https://www.imagicaaworld.com/water-park/family-rides/floatsa/,818,0,0
1705667275581,818,casestudy-3(familyrides)-0,301,Moved Permanently,AssignmentTask3 6-9,text,true,,423,147,10,14,https://imagicaaworld.com/water-park/family-rides/floatsa/,818,0,0
1705667276399,1142,casestudy-3(familyrides)-1,200,OK,AssignmentTask3 6-9,text,true,,115622,151,10,14,https://www.imagicaaworld.com/water-park/family-rides/floatsa/,1111,0,0
1705667275582,1970,casestudy-3(familyrides),200,OK,AssignmentTask3 6-3,text,true,,116045,298,10,14,https://www.imagicaaworld.com/water-park/family-rides/floatsa/,861,0,0
1705667275582,861,casestudy-3(familyrides)-0,301,Moved Permanently,AssignmentTask3 6-3,text,true,,423,147,10,14,https://imagicaaworld.com/water-park/family-rides/floatsa/,861,0,0
1705667276443,1109,casestudy-3(familyrides)-1,200,OK,AssignmentTask3 6-3,text,true,,115622,151,10,14,https://www.imagicaaworld.com/water-park/family-rides/floatsa/,1096,0,0
1705667275582,2026,casestudy-3(familyrides),200,OK,AssignmentTask3 6-5,text,true,,116045,298,10,14,https://www.imagicaaworld.com/water-park/family-rides/floatsa/,899,0,0
1705667275582,899,casestudy-3(familyrides)-0,301,Moved Permanently,AssignmentTask3 6-5,text,true,,423,147,10,14,https://imagicaaworld.com/water-park/family-rides/floatsa/,899,0,0
1705667276481,1127,casestudy-3(familyrides)-1,200,OK,AssignmentTask3 6-5,text,true,,115622,151,10,14,https://www.imagicaaworld.com/water-park/family-rides/floatsa/,1119,0,0
1705667275582,2061,casestudy-3(familyrides),200,OK,AssignmentTask3 6-8,text,true,,116045,298,10,14,https://www.imagicaaworld.com/water-park/family-rides/floatsa/,960,0,0
1705667275582,960,casestudy-3(familyrides)-0,301,Moved Permanently,AssignmentTask3 6-8,text,true,,423,147,10,14,https://imagicaaworld.com/water-park/family-rides/floatsa/,960,0,0
1705667276542,1101,casestudy-3(familyrides)-1,200,OK,AssignmentTask3 6-8,text,true,,115622,151,10,14,https://www.imagicaaworld.com/water-park/family-rides/floatsa/,1080,0,0
1705667275582,2077,casestudy-3(familyrides),200,OK,AssignmentTask3 6-1,text,true,,116045,298,10,14,https://www.imagicaaworld.com/water-park/family-rides/floatsa/,898,0,0
1705667275582,898,casestudy-3(familyrides)-0,301,Moved Permanently,AssignmentTask3 6-1,text,true,,423,147,10,14,https://imagicaaworld.com/water-park/family-rides/floatsa/,898,0,0
1705667276480,1179,casestudy-3(familyrides)-1,200,OK,AssignmentTask3 6-1,text,true,,115622,151,10,14,https://www.imagicaaworld.com/water-park/family-rides/floatsa/,1130,0,0
1705667275581,2107,casestudy-3(familyrides),200,OK,AssignmentTask3 6-4,text,true,,116053,298,10,14,https://www.imagicaaworld.com/water-park/family-rides/floatsa/,931,0,0
1705667275581,931,casestudy-3(familyrides)-0,301,Moved Permanently,AssignmentTask3 6-4,text,true,,423,147,10,14,https://imagicaaworld.com/water-park/family-rides/floatsa/,931,0,0
1705667276512,1176,casestudy-3(familyrides)-1,200,OK,AssignmentTask3 6-4,text,true,,115630,151,10,14,https://www.imagicaaworld.com/water-park/family-rides/floatsa/,1160,0,0
1705667275581,2119,casestudy-3(familyrides),200,OK,AssignmentTask3 6-10,text,true,,116045,298,10,14,https://www.imagicaaworld.com/water-park/family-rides/floatsa/,937,0,0
1705667275581,937,casestudy-3(familyrides)-0,301,Moved Permanently,AssignmentTask3 6-10,text,true,,423,147,10,14,https://imagicaaworld.com/water-park/family-rides/floatsa/,937,0,0
1705667276518,1182,casestudy-3(familyrides)-1,200,OK,AssignmentTask3 6-10,text,true,,115622,151,10,14,https://www.imagicaaworld.com/water-park/family-rides/floatsa/,1169,0,0
1705667275582,2179,casestudy-3(familyrides),200,OK,AssignmentTask3 6-2,text,true,,116045,298,10,14,https://www.imagicaaworld.com/water-park/family-rides/floatsa/,914,0,0
1705667275582,914,casestudy-3(familyrides)-0,301,Moved Permanently,AssignmentTask3 6-2,text,true,,423,147,10,14,https://imagicaaworld.com/water-park/family-rides/floatsa/,914,0,0
1705667276496,1265,casestudy-3(familyrides)-1,200,OK,AssignmentTask3 6-2,text,true,,115622,151,10,14,https://www.imagicaaworld.com/water-park/family-rides/floatsa/,1163,0,0
1705667275581,2329,casestudy-3(familyrides),200,OK,AssignmentTask3 6-7,text,true,,116045,298,10,13,https://www.imagicaaworld.com/water-park/family-rides/floatsa/,1147,0,0
1705667275581,1147,casestudy-3(familyrides)-0,301,Moved Permanently,AssignmentTask3 6-7,text,true,,423,147,10,13,https://imagicaaworld.com/water-park/family-rides/floatsa/,1147,0,0
1705667276728,1182,casestudy-3(familyrides)-1,200,OK,AssignmentTask3 6-7,text,true,,115622,151,10,13,https://www.imagicaaworld.com/water-park/family-rides/floatsa/,1157,0,0
1705667275581,2348,casestudy-3(familyrides),200,OK,AssignmentTask3 6-6,text,true,,116045,298,10,13,https://www.imagicaaworld.com/water-park/family-rides/floatsa/,1026,0,0
1705667275581,1026,casestudy-3(familyrides)-0,301,Moved Permanently,AssignmentTask3 6-6,text,true,,423,147,10,13,https://imagicaaworld.com/water-park/family-rides/floatsa/,1026,0,0
1705667276607,1322,casestudy-3(familyrides)-1,200,OK,AssignmentTask3 6-6,text,true,,115622,151,10,13,https://www.imagicaaworld.com/water-park/family-rides/floatsa/,1304,0,0
1705667277978,1926,casestudy-2(manyfiest),200,OK,AssignmentTask3 6-3,text,true,,125710,272,10,12,https://www.imagicaaworld.com/indias-many-firsts/,782,0,0
1705667277978,782,casestudy-2(manyfiest)-0,301,Moved Permanently,AssignmentTask3 6-3,text,true,,410,134,10,12,https://imagicaaworld.com/indias-many-firsts/,782,0,0
1705667278760,1144,casestudy-2(manyfiest)-1,200,OK,AssignmentTask3 6-3,text,true,,125300,138,10,12,https://www.imagicaaworld.com/indias-many-firsts/,1142,0,0
1705667277978,1929,casestudy-2(manyfiest),200,OK,AssignmentTask3 6-4,text,true,,125704,272,10,12,https://www.imagicaaworld.com/indias-many-firsts/,870,0,0
1705667277978,870,casestudy-2(manyfiest)-0,301,Moved Permanently,AssignmentTask3 6-4,text,true,,410,134,10,12,https://imagicaaworld.com/indias-many-firsts/,870,0,0
1705667278848,1059,casestudy-2(manyfiest)-1,200,OK,AssignmentTask3 6-4,text,true,,125294,138,10,12,https://www.imagicaaworld.com/indias-many-firsts/,1048,0,0
1705667277978,1938,casestudy-2(manyfiest),200,OK,AssignmentTask3 6-9,text,true,,125704,272,10,12,https://www.imagicaaworld.com/indias-many-firsts/,861,0,0
1705667277978,861,casestudy-2(manyfiest)-0,301,Moved Permanently,AssignmentTask3 6-9,text,true,,410,134,10,12,https://imagicaaworld.com/indias-many-firsts/,861,0,0
1705667278839,1077,casestudy-2(manyfiest)-1,200,OK,AssignmentTask3 6-9,text,true,,125294,138,10,12,https://www.imagicaaworld.com/indias-many-firsts/,1064,0,0
1705667277978,1965,casestudy-2(manyfiest),200,OK,AssignmentTask3 6-10,text,true,,125704,272,10,12,https://www.imagicaaworld.com/indias-many-firsts/,977,0,0
1705667277978,977,casestudy-2(manyfiest)-0,301,Moved Permanently,AssignmentTask3 6-10,text,true,,410,134,10,12,https://imagicaaworld.com/indias-many-firsts/,977,0,0
1705667278955,988,casestudy-2(manyfiest)-1,200,OK,AssignmentTask3 6-10,text,true,,125294,138,10,12,https://www.imagicaaworld.com/indias-many-firsts/,973,0,0
1705667277978,1965,casestudy-2(manyfiest),200,OK,AssignmentTask3 6-6,text,true,,125704,272,10,12,https://www.imagicaaworld.com/indias-many-firsts/,836,0,0
1705667277978,836,casestudy-2(manyfiest)-0,301,Moved Permanently,AssignmentTask3 6-6,text,true,,410,134,10,12,https://imagicaaworld.com/indias-many-firsts/,836,0,0
1705667278814,1129,casestudy-2(manyfiest)-1,200,OK,AssignmentTask3 6-6,text,true,,125294,138,10,12,https://www.imagicaaworld.com/indias-many-firsts/,1102,0,0
1705667277978,1982,casestudy-2(manyfiest),200,OK,AssignmentTask3 6-7,text,true,,125712,272,10,12,https://www.imagicaaworld.com/indias-many-firsts/,907,0,0
1705667277978,907,casestudy-2(manyfiest)-0,301,Moved Permanently,AssignmentTask3 6-7,text,true,,410,134,10,12,https://imagicaaworld.com/indias-many-firsts/,907,0,0
1705667278885,1075,casestudy-2(manyfiest)-1,200,OK,AssignmentTask3 6-7,text,true,,125302,138,10,12,https://www.imagicaaworld.com/indias-many-firsts/,1053,0,0
1705667277978,2014,casestudy-2(manyfiest),200,OK,AssignmentTask3 6-8,text,true,,125712,272,10,12,https://www.imagicaaworld.com/indias-many-firsts/,985,0,0
1705667277978,985,casestudy-2(manyfiest)-0,301,Moved Permanently,AssignmentTask3 6-8,text,true,,410,134,10,12,https://imagicaaworld.com/indias-many-firsts/,985,0,0
1705667278963,1029,casestudy-2(manyfiest)-1,200,OK,AssignmentTask3 6-8,text,true,,125302,138,10,12,https://www.imagicaaworld.com/indias-many-firsts/,1011,0,0
1705667277978,2091,casestudy-2(manyfiest),200,OK,AssignmentTask3 6-5,text,true,,125710,272,10,12,https://www.imagicaaworld.com/indias-many-firsts/,1085,0,0
1705667277978,1085,casestudy-2(manyfiest)-0,301,Moved Permanently,AssignmentTask3 6-5,text,true,,410,134,10,12,https://imagicaaworld.com/indias-many-firsts/,1085,0,0
1705667279063,1006,casestudy-2(manyfiest)-1,200,OK,AssignmentTask3 6-5,text,true,,125300,138,10,12,https://www.imagicaaworld.com/indias-many-firsts/,984,0,0
1705667277978,2188,casestudy-2(manyfiest),200,OK,AssignmentTask3 6-1,text,true,,125704,272,10,12,https://www.imagicaaworld.com/indias-many-firsts/,961,0,0
1705667277978,961,casestudy-2(manyfiest)-0,301,Moved Permanently,AssignmentTask3 6-1,text,true,,410,134,10,12,https://imagicaaworld.com/indias-many-firsts/,961,0,0
1705667278939,1227,casestudy-2(manyfiest)-1,200,OK,AssignmentTask3 6-1,text,true,,125294,138,10,12,https://www.imagicaaworld.com/indias-many-firsts/,1033,0,0
1705667277978,2198,casestudy-2(manyfiest),200,OK,AssignmentTask3 6-2,text,true,,125712,272,10,12,https://www.imagicaaworld.com/indias-many-firsts/,976,0,0
1705667277978,976,casestudy-2(manyfiest)-0,301,Moved Permanently,AssignmentTask3 6-2,text,true,,410,134,10,12,https://imagicaaworld.com/indias-many-firsts/,976,0,0
1705667278954,1222,casestudy-2(manyfiest)-1,200,OK,AssignmentTask3 6-2,text,true,,125302,138,10,12,https://www.imagicaaworld.com/indias-many-firsts/,1037,0,0
1705667280228,2091,casestudy-1,200,OK,AssignmentTask3 6-6,text,true,,164548,576,10,12,https://www.imagicaaworld.com/theme-park/?utm_source=google_sem&utm_medium=brand_keywords&gad_source=1&gclid=Cj0KCQiA2KitBhCIARIsAPPMEhL9nRlbRM3d6SQU2RDymH4kqL0RJAySppB7qMlfbGdIOYKdcEnLqA0aAlpIEALw_wcB,872,0,0
1705667280228,872,casestudy-1-0,301,Moved Permanently,AssignmentTask3 6-6,text,true,,562,286,10,12,https://imagicaaworld.com/theme-park/?utm_source=google_sem&utm_medium=brand_keywords&gad_source=1&gclid=Cj0KCQiA2KitBhCIARIsAPPMEhL9nRlbRM3d6SQU2RDymH4kqL0RJAySppB7qMlfbGdIOYKdcEnLqA0aAlpIEALw_wcB,872,0,0
1705667281100,1219,casestudy-1-1,200,OK,AssignmentTask3 6-6,text,true,,163986,290,10,12,https://www.imagicaaworld.com/theme-park/?utm_source=google_sem&utm_medium=brand_keywords&gad_source=1&gclid=Cj0KCQiA2KitBhCIARIsAPPMEhL9nRlbRM3d6SQU2RDymH4kqL0RJAySppB7qMlfbGdIOYKdcEnLqA0aAlpIEALw_wcB,1205,0,0
1705667280228,2126,casestudy-1,200,OK,AssignmentTask3 6-9,text,true,,164548,576,10,12,https://www.imagicaaworld.com/theme-park/?utm_source=google_sem&utm_medium=brand_keywords&gad_source=1&gclid=Cj0KCQiA2KitBhCIARIsAPPMEhL9nRlbRM3d6SQU2RDymH4kqL0RJAySppB7qMlfbGdIOYKdcEnLqA0aAlpIEALw_wcB,839,0,0
1705667280228,2125,casestudy-1,200,OK,AssignmentTask3 6-7,text,true,,164548,576,10,12,https://www.imagicaaworld.com/theme-park/?utm_source=google_sem&utm_medium=brand_keywords&gad_source=1&gclid=Cj0KCQiA2KitBhCIARIsAPPMEhL9nRlbRM3d6SQU2RDymH4kqL0RJAySppB7qMlfbGdIOYKdcEnLqA0aAlpIEALw_wcB,796,0,0
1705667280228,839,casestudy-1-0,301,Moved Permanently,AssignmentTask3 6-9,text,true,,562,286,10,12,https://imagicaaworld.com/theme-park/?utm_source=google_sem&utm_medium=brand_keywords&gad_source=1&gclid=Cj0KCQiA2KitBhCIARIsAPPMEhL9nRlbRM3d6SQU2RDymH4kqL0RJAySppB7qMlfbGdIOYKdcEnLqA0aAlpIEALw_wcB,839,0,0
1705667280228,796,casestudy-1-0,301,Moved Permanently,AssignmentTask3 6-7,text,true,,562,286,10,12,https://imagicaaworld.com/theme-park/?utm_source=google_sem&utm_medium=brand_keywords&gad_source=1&gclid=Cj0KCQiA2KitBhCIARIsAPPMEhL9nRlbRM3d6SQU2RDymH4kqL0RJAySppB7qMlfbGdIOYKdcEnLqA0aAlpIEALw_wcB,796,0,0
1705667281068,1286,casestudy-1-1,200,OK,AssignmentTask3 6-9,text,true,,163986,290,10,12,https://www.imagicaaworld.com/theme-park/?utm_source=google_sem&utm_medium=brand_keywords&gad_source=1&gclid=Cj0KCQiA2KitBhCIARIsAPPMEhL9nRlbRM3d6SQU2RDymH4kqL0RJAySppB7qMlfbGdIOYKdcEnLqA0aAlpIEALw_wcB,1247,0,0
1705667281024,1329,casestudy-1-1,200,OK,AssignmentTask3 6-7,text,true,,163986,290,10,12,https://www.imagicaaworld.com/theme-park/?utm_source=google_sem&utm_medium=brand_keywords&gad_source=1&gclid=Cj0KCQiA2KitBhCIARIsAPPMEhL9nRlbRM3d6SQU2RDymH4kqL0RJAySppB7qMlfbGdIOYKdcEnLqA0aAlpIEALw_wcB,1293,0,0
1705667280228,2190,casestudy-1,200,OK,AssignmentTask3 6-5,text,true,,164548,576,10,12,https://www.imagicaaworld.com/theme-park/?utm_source=google_sem&utm_medium=brand_keywords&gad_source=1&gclid=Cj0KCQiA2KitBhCIARIsAPPMEhL9nRlbRM3d6SQU2RDymH4kqL0RJAySppB7qMlfbGdIOYKdcEnLqA0aAlpIEALw_wcB,905,0,0
1705667280228,905,casestudy-1-0,301,Moved Permanently,AssignmentTask3 6-5,text,true,,562,286,10,12,https://imagicaaworld.com/theme-park/?utm_source=google_sem&utm_medium=brand_keywords&gad_source=1&gclid=Cj0KCQiA2KitBhCIARIsAPPMEhL9nRlbRM3d6SQU2RDymH4kqL0RJAySppB7qMlfbGdIOYKdcEnLqA0aAlpIEALw_wcB,905,0,0
1705667280228,2190,casestudy-1,200,OK,AssignmentTask3 6-8,text,true,,164548,576,10,12,https://www.imagicaaworld.com/theme-park/?utm_source=google_sem&utm_medium=brand_keywords&gad_source=1&gclid=Cj0KCQiA2KitBhCIARIsAPPMEhL9nRlbRM3d6SQU2RDymH4kqL0RJAySppB7qMlfbGdIOYKdcEnLqA0aAlpIEALw_wcB,946,0,0
1705667281133,1285,casestudy-1-1,200,OK,AssignmentTask3 6-5,text,true,,163986,290,10,12,https://www.imagicaaworld.com/theme-park/?utm_source=google_sem&utm_medium=brand_keywords&gad_source=1&gclid=Cj0KCQiA2KitBhCIARIsAPPMEhL9nRlbRM3d6SQU2RDymH4kqL0RJAySppB7qMlfbGdIOYKdcEnLqA0aAlpIEALw_wcB,1258,0,0
1705667280228,946,casestudy-1-0,301,Moved Permanently,AssignmentTask3 6-8,text,true,,562,286,10,12,https://imagicaaworld.com/theme-park/?utm_source=google_sem&utm_medium=brand_keywords&gad_source=1&gclid=Cj0KCQiA2KitBhCIARIsAPPMEhL9nRlbRM3d6SQU2RDymH4kqL0RJAySppB7qMlfbGdIOYKdcEnLqA0aAlpIEALw_wcB,946,0,0
1705667281174,1244,casestudy-1-1,200,OK,AssignmentTask3 6-8,text,true,,163986,290,10,12,https://www.imagicaaworld.com/theme-park/?utm_source=google_sem&utm_medium=brand_keywords&gad_source=1&gclid=Cj0KCQiA2KitBhCIARIsAPPMEhL9nRlbRM3d6SQU2RDymH4kqL0RJAySppB7qMlfbGdIOYKdcEnLqA0aAlpIEALw_wcB,1223,0,0
1705667280228,2214,casestudy-1,200,OK,AssignmentTask3 6-3,text,true,,164548,576,10,12,https://www.imagicaaworld.com/theme-park/?utm_source=google_sem&utm_medium=brand_keywords&gad_source=1&gclid=Cj0KCQiA2KitBhCIARIsAPPMEhL9nRlbRM3d6SQU2RDymH4kqL0RJAySppB7qMlfbGdIOYKdcEnLqA0aAlpIEALw_wcB,1010,0,0
1705667280228,1010,casestudy-1-0,301,Moved Permanently,AssignmentTask3 6-3,text,true,,562,286,10,12,https://imagicaaworld.com/theme-park/?utm_source=google_sem&utm_medium=brand_keywords&gad_source=1&gclid=Cj0KCQiA2KitBhCIARIsAPPMEhL9nRlbRM3d6SQU2RDymH4kqL0RJAySppB7qMlfbGdIOYKdcEnLqA0aAlpIEALw_wcB,1010,0,0
1705667281238,1204,casestudy-1-1,200,OK,AssignmentTask3 6-3,text,true,,163986,290,10,12,https://www.imagicaaworld.com/theme-park/?utm_source=google_sem&utm_medium=brand_keywords&gad_source=1&gclid=Cj0KCQiA2KitBhCIARIsAPPMEhL9nRlbRM3d6SQU2RDymH4kqL0RJAySppB7qMlfbGdIOYKdcEnLqA0aAlpIEALw_wcB,1175,0,0
1705667280228,2218,casestudy-1,200,OK,AssignmentTask3 6-4,text,true,,164548,576,10,12,https://www.imagicaaworld.com/theme-park/?utm_source=google_sem&utm_medium=brand_keywords&gad_source=1&gclid=Cj0KCQiA2KitBhCIARIsAPPMEhL9nRlbRM3d6SQU2RDymH4kqL0RJAySppB7qMlfbGdIOYKdcEnLqA0aAlpIEALw_wcB,968,0,0
1705667280228,968,casestudy-1-0,301,Moved Permanently,AssignmentTask3 6-4,text,true,,562,286,10,12,https://imagicaaworld.com/theme-park/?utm_source=google_sem&utm_medium=brand_keywords&gad_source=1&gclid=Cj0KCQiA2KitBhCIARIsAPPMEhL9nRlbRM3d6SQU2RDymH4kqL0RJAySppB7qMlfbGdIOYKdcEnLqA0aAlpIEALw_wcB,968,0,0
1705667281196,1250,casestudy-1-1,200,OK,AssignmentTask3 6-4,text,true,,163986,290,10,12,https://www.imagicaaworld.com/theme-park/?utm_source=google_sem&utm_medium=brand_keywords&gad_source=1&gclid=Cj0KCQiA2KitBhCIARIsAPPMEhL9nRlbRM3d6SQU2RDymH4kqL0RJAySppB7qMlfbGdIOYKdcEnLqA0aAlpIEALw_wcB,1244,0,0
1705667280228,2228,casestudy-1,200,OK,AssignmentTask3 6-2,text,true,,164550,576,10,12,https://www.imagicaaworld.com/theme-park/?utm_source=google_sem&utm_medium=brand_keywords&gad_source=1&gclid=Cj0KCQiA2KitBhCIARIsAPPMEhL9nRlbRM3d6SQU2RDymH4kqL0RJAySppB7qMlfbGdIOYKdcEnLqA0aAlpIEALw_wcB,941,0,0
1705667280228,941,casestudy-1-0,301,Moved Permanently,AssignmentTask3 6-2,text,true,,562,286,10,12,https://imagicaaworld.com/theme-park/?utm_source=google_sem&utm_medium=brand_keywords&gad_source=1&gclid=Cj0KCQiA2KitBhCIARIsAPPMEhL9nRlbRM3d6SQU2RDymH4kqL0RJAySppB7qMlfbGdIOYKdcEnLqA0aAlpIEALw_wcB,941,0,0
1705667281169,1287,casestudy-1-1,200,OK,AssignmentTask3 6-2,text,true,,163988,290,10,12,https://www.imagicaaworld.com/theme-park/?utm_source=google_sem&utm_medium=brand_keywords&gad_source=1&gclid=Cj0KCQiA2KitBhCIARIsAPPMEhL9nRlbRM3d6SQU2RDymH4kqL0RJAySppB7qMlfbGdIOYKdcEnLqA0aAlpIEALw_wcB,1185,0,0
1705667280228,2229,casestudy-1,200,OK,AssignmentTask3 6-10,text,true,,164548,576,10,12,https://www.imagicaaworld.com/theme-park/?utm_source=google_sem&utm_medium=brand_keywords&gad_source=1&gclid=Cj0KCQiA2KitBhCIARIsAPPMEhL9nRlbRM3d6SQU2RDymH4kqL0RJAySppB7qMlfbGdIOYKdcEnLqA0aAlpIEALw_wcB,872,0,0
1705667280228,872,casestudy-1-0,301,Moved Permanently,AssignmentTask3 6-10,text,true,,562,286,10,12,https://imagicaaworld.com/theme-park/?utm_source=google_sem&utm_medium=brand_keywords&gad_source=1&gclid=Cj0KCQiA2KitBhCIARIsAPPMEhL9nRlbRM3d6SQU2RDymH4kqL0RJAySppB7qMlfbGdIOYKdcEnLqA0aAlpIEALw_wcB,872,0,0
1705667281100,1357,casestudy-1-1,200,OK,AssignmentTask3 6-10,text,true,,163986,290,10,12,https://www.imagicaaworld.com/theme-park/?utm_source=google_sem&utm_medium=brand_keywords&gad_source=1&gclid=Cj0KCQiA2KitBhCIARIsAPPMEhL9nRlbRM3d6SQU2RDymH4kqL0RJAySppB7qMlfbGdIOYKdcEnLqA0aAlpIEALw_wcB,1344,0,0
1705667280228,2291,casestudy-1,200,OK,AssignmentTask3 6-1,text,true,,164550,576,10,12,https://www.imagicaaworld.com/theme-park/?utm_source=google_sem&utm_medium=brand_keywords&gad_source=1&gclid=Cj0KCQiA2KitBhCIARIsAPPMEhL9nRlbRM3d6SQU2RDymH4kqL0RJAySppB7qMlfbGdIOYKdcEnLqA0aAlpIEALw_wcB,988,0,0
1705667280228,988,casestudy-1-0,301,Moved Permanently,AssignmentTask3 6-1,text,true,,562,286,10,12,https://imagicaaworld.com/theme-park/?utm_source=google_sem&utm_medium=brand_keywords&gad_source=1&gclid=Cj0KCQiA2KitBhCIARIsAPPMEhL9nRlbRM3d6SQU2RDymH4kqL0RJAySppB7qMlfbGdIOYKdcEnLqA0aAlpIEALw_wcB,988,0,0
1705667281216,1303,casestudy-1-1,200,OK,AssignmentTask3 6-1,text,true,,163988,290,10,12,https://www.imagicaaworld.com/theme-park/?utm_source=google_sem&utm_medium=brand_keywords&gad_source=1&gclid=Cj0KCQiA2KitBhCIARIsAPPMEhL9nRlbRM3d6SQU2RDymH4kqL0RJAySppB7qMlfbGdIOYKdcEnLqA0aAlpIEALw_wcB,1228,0,0
1705667282569,2123,casestudy-3(familyrides),200,OK,AssignmentTask3 6-6,text,true,,116045,298,10,13,https://www.imagicaaworld.com/water-park/family-rides/floatsa/,850,0,0
1705667282569,850,casestudy-3(familyrides)-0,301,Moved Permanently,AssignmentTask3 6-6,text,true,,423,147,10,13,https://imagicaaworld.com/water-park/family-rides/floatsa/,850,0,0
1705667283419,1273,casestudy-3(familyrides)-1,200,OK,AssignmentTask3 6-6,text,true,,115622,151,10,13,https://www.imagicaaworld.com/water-park/family-rides/floatsa/,1250,0,0
1705667282569,2155,casestudy-3(familyrides),200,OK,AssignmentTask3 6-4,text,true,,116045,298,10,13,https://www.imagicaaworld.com/water-park/family-rides/floatsa/,887,0,0
1705667282569,887,casestudy-3(familyrides)-0,301,Moved Permanently,AssignmentTask3 6-4,text,true,,423,147,10,13,https://imagicaaworld.com/water-park/family-rides/floatsa/,887,0,0
1705667283456,1268,casestudy-3(familyrides)-1,200,OK,AssignmentTask3 6-4,text,true,,115622,151,10,13,https://www.imagicaaworld.com/water-park/family-rides/floatsa/,1257,0,0
1705667282569,2176,casestudy-3(familyrides),200,OK,AssignmentTask3 6-5,text,true,,116045,298,10,13,https://www.imagicaaworld.com/water-park/family-rides/floatsa/,895,0,0
1705667282569,895,casestudy-3(familyrides)-0,301,Moved Permanently,AssignmentTask3 6-5,text,true,,423,147,10,13,https://imagicaaworld.com/water-park/family-rides/floatsa/,895,0,0
1705667283464,1281,casestudy-3(familyrides)-1,200,OK,AssignmentTask3 6-5,text,true,,115622,151,10,13,https://www.imagicaaworld.com/water-park/family-rides/floatsa/,1255,0,0
1705667282569,2216,casestudy-3(familyrides),200,OK,AssignmentTask3 6-3,text,true,,116045,298,10,13,https://www.imagicaaworld.com/water-park/family-rides/floatsa/,1064,0,0
1705667282569,1064,casestudy-3(familyrides)-0,301,Moved Permanently,AssignmentTask3 6-3,text,true,,423,147,10,13,https://imagicaaworld.com/water-park/family-rides/floatsa/,1064,0,0
1705667283633,1152,casestudy-3(familyrides)-1,200,OK,AssignmentTask3 6-3,text,true,,115622,151,10,13,https://www.imagicaaworld.com/water-park/family-rides/floatsa/,1135,0,0
1705667282570,2216,casestudy-3(familyrides),200,OK,AssignmentTask3 6-10,text,true,,116045,298,10,13,https://www.imagicaaworld.com/water-park/family-rides/floatsa/,1146,0,0
1705667282570,1146,casestudy-3(familyrides)-0,301,Moved Permanently,AssignmentTask3 6-10,text,true,,423,147,10,13,https://imagicaaworld.com/water-park/family-rides/floatsa/,1146,0,0
1705667283716,1070,casestudy-3(familyrides)-1,200,OK,AssignmentTask3 6-10,text,true,,115622,151,10,13,https://www.imagicaaworld.com/water-park/family-rides/floatsa/,1046,0,0
1705667282569,2250,casestudy-3(familyrides),200,OK,AssignmentTask3 6-8,text,true,,116045,298,10,13,https://www.imagicaaworld.com/water-park/family-rides/floatsa/,912,0,0
1705667282569,912,casestudy-3(familyrides)-0,301,Moved Permanently,AssignmentTask3 6-8,text,true,,423,147,10,13,https://imagicaaworld.com/water-park/family-rides/floatsa/,912,0,0
1705667283481,1338,casestudy-3(familyrides)-1,200,OK,AssignmentTask3 6-8,text,true,,115622,151,10,13,https://www.imagicaaworld.com/water-park/family-rides/floatsa/,1312,0,0
1705667282569,2260,casestudy-3(familyrides),200,OK,AssignmentTask3 6-7,text,true,,116045,298,10,13,https://www.imagicaaworld.com/water-park/family-rides/floatsa/,850,0,0
1705667282569,850,casestudy-3(familyrides)-0,301,Moved Permanently,AssignmentTask3 6-7,text,true,,423,147,10,13,https://imagicaaworld.com/water-park/family-rides/floatsa/,850,0,0
1705667283419,1410,casestudy-3(familyrides)-1,200,OK,AssignmentTask3 6-7,text,true,,115622,151,10,13,https://www.imagicaaworld.com/water-park/family-rides/floatsa/,1398,0,0
1705667282569,2262,casestudy-3(familyrides),200,OK,AssignmentTask3 6-9,text,true,,116045,298,10,13,https://www.imagicaaworld.com/water-park/family-rides/floatsa/,1109,0,0
1705667282569,1109,casestudy-3(familyrides)-0,301,Moved Permanently,AssignmentTask3 6-9,text,true,,423,147,10,13,https://imagicaaworld.com/water-park/family-rides/floatsa/,1109,0,0
1705667283678,1153,casestudy-3(familyrides)-1,200,OK,AssignmentTask3 6-9,text,true,,115622,151,10,13,https://www.imagicaaworld.com/water-park/family-rides/floatsa/,1143,0,0
1705667282570,2263,casestudy-3(familyrides),200,OK,AssignmentTask3 6-2,text,true,,116052,298,10,13,https://www.imagicaaworld.com/water-park/family-rides/floatsa/,1105,0,0
1705667282570,1105,casestudy-3(familyrides)-0,301,Moved Permanently,AssignmentTask3 6-2,text,true,,423,147,10,13,https://imagicaaworld.com/water-park/family-rides/floatsa/,1105,0,0
1705667283675,1158,casestudy-3(familyrides)-1,200,OK,AssignmentTask3 6-2,text,true,,115629,151,10,13,https://www.imagicaaworld.com/water-park/family-rides/floatsa/,1112,0,0
1705667282569,2290,casestudy-3(familyrides),200,OK,AssignmentTask3 6-1,text,true,,116045,298,10,13,https://www.imagicaaworld.com/water-park/family-rides/floatsa/,1039,0,0
1705667282569,1039,casestudy-3(familyrides)-0,301,Moved Permanently,AssignmentTask3 6-1,text,true,,423,147,10,13,https://imagicaaworld.com/water-park/family-rides/floatsa/,1039,0,0
1705667283608,1251,casestudy-3(familyrides)-1,200,OK,AssignmentTask3 6-1,text,true,,115622,151,10,13,https://www.imagicaaworld.com/water-park/family-rides/floatsa/,1214,0,0
1705667284919,1719,casestudy-2(manyfiest),200,OK,AssignmentTask3 6-6,text,true,,125704,272,10,13,https://www.imagicaaworld.com/indias-many-firsts/,734,0,0
1705667284919,734,casestudy-2(manyfiest)-0,301,Moved Permanently,AssignmentTask3 6-6,text,true,,410,134,10,13,https://imagicaaworld.com/indias-many-firsts/,734,0,0
1705667285654,984,casestudy-2(manyfiest)-1,200,OK,AssignmentTask3 6-6,text,true,,125294,138,10,13,https://www.imagicaaworld.com/indias-many-firsts/,969,0,0
1705667284919,1736,casestudy-2(manyfiest),200,OK,AssignmentTask3 6-7,text,true,,125712,272,10,13,https://www.imagicaaworld.com/indias-many-firsts/,769,0,0
1705667284919,769,casestudy-2(manyfiest)-0,301,Moved Permanently,AssignmentTask3 6-7,text,true,,410,134,10,13,https://imagicaaworld.com/indias-many-firsts/,769,0,0
1705667285688,967,casestudy-2(manyfiest)-1,200,OK,AssignmentTask3 6-7,text,true,,125302,138,10,13,https://www.imagicaaworld.com/indias-many-firsts/,944,0,0
1705667284919,1789,casestudy-2(manyfiest),200,OK,AssignmentTask3 6-3,text,true,,125704,272,10,13,https://www.imagicaaworld.com/indias-many-firsts/,810,0,0
1705667284919,810,casestudy-2(manyfiest)-0,301,Moved Permanently,AssignmentTask3 6-3,text,true,,410,134,10,13,https://imagicaaworld.com/indias-many-firsts/,810,0,0
1705667285729,979,casestudy-2(manyfiest)-1,200,OK,AssignmentTask3 6-3,text,true,,125294,138,10,13,https://www.imagicaaworld.com/indias-many-firsts/,969,0,0
1705667284919,1821,casestudy-2(manyfiest),200,OK,AssignmentTask3 6-2,text,true,,125710,272,10,13,https://www.imagicaaworld.com/indias-many-firsts/,810,0,0
1705667284919,810,casestudy-2(manyfiest)-0,301,Moved Permanently,AssignmentTask3 6-2,text,true,,410,134,10,13,https://imagicaaworld.com/indias-many-firsts/,810,0,0
1705667285729,1011,casestudy-2(manyfiest)-1,200,OK,AssignmentTask3 6-2,text,true,,125300,138,10,13,https://www.imagicaaworld.com/indias-many-firsts/,979,0,0
1705667284919,1831,casestudy-2(manyfiest),200,OK,AssignmentTask3 6-9,text,true,,125704,272,10,13,https://www.imagicaaworld.com/indias-many-firsts/,750,0,0
1705667284919,1831,casestudy-2(manyfiest),200,OK,AssignmentTask3 6-4,text,true,,125704,272,10,13,https://www.imagicaaworld.com/indias-many-firsts/,883,0,0
1705667284919,750,casestudy-2(manyfiest)-0,301,Moved Permanently,AssignmentTask3 6-9,text,true,,410,134,10,13,https://imagicaaworld.com/indias-many-firsts/,750,0,0
1705667284919,883,casestudy-2(manyfiest)-0,301,Moved Permanently,AssignmentTask3 6-4,text,true,,410,134,10,13,https://imagicaaworld.com/indias-many-firsts/,883,0,0
1705667285669,1081,casestudy-2(manyfiest)-1,200,OK,AssignmentTask3 6-9,text,true,,125294,138,10,13,https://www.imagicaaworld.com/indias-many-firsts/,1067,0,0
1705667285802,948,casestudy-2(manyfiest)-1,200,OK,AssignmentTask3 6-4,text,true,,125294,138,10,13,https://www.imagicaaworld.com/indias-many-firsts/,929,0,0
1705667284919,1872,casestudy-2(manyfiest),200,OK,AssignmentTask3 6-8,text,true,,125704,272,10,13,https://www.imagicaaworld.com/indias-many-firsts/,790,0,0
1705667284919,790,casestudy-2(manyfiest)-0,301,Moved Permanently,AssignmentTask3 6-8,text,true,,410,134,10,13,https://imagicaaworld.com/indias-many-firsts/,790,0,0
1705667285709,1082,casestudy-2(manyfiest)-1,200,OK,AssignmentTask3 6-8,text,true,,125294,138,10,13,https://www.imagicaaworld.com/indias-many-firsts/,1055,0,0
1705667284919,1873,casestudy-2(manyfiest),200,OK,AssignmentTask3 6-5,text,true,,125704,272,10,13,https://www.imagicaaworld.com/indias-many-firsts/,941,0,0
1705667284919,941,casestudy-2(manyfiest)-0,301,Moved Permanently,AssignmentTask3 6-5,text,true,,410,134,10,13,https://imagicaaworld.com/indias-many-firsts/,941,0,0
1705667285860,932,casestudy-2(manyfiest)-1,200,OK,AssignmentTask3 6-5,text,true,,125294,138,10,13,https://www.imagicaaworld.com/indias-many-firsts/,925,0,0
1705667284919,1881,casestudy-2(manyfiest),200,OK,AssignmentTask3 6-10,text,true,,125704,272,10,13,https://www.imagicaaworld.com/indias-many-firsts/,934,0,0
1705667284919,934,casestudy-2(manyfiest)-0,301,Moved Permanently,AssignmentTask3 6-10,text,true,,410,134,10,13,https://imagicaaworld.com/indias-many-firsts/,934,0,0
1705667285853,947,casestudy-2(manyfiest)-1,200,OK,AssignmentTask3 6-10,text,true,,125294,138,10,13,https://www.imagicaaworld.com/indias-many-firsts/,935,0,0
1705667284919,1883,casestudy-2(manyfiest),200,OK,AssignmentTask3 6-1,text,true,,125704,272,10,13,https://www.imagicaaworld.com/indias-many-firsts/,854,0,0
1705667284919,854,casestudy-2(manyfiest)-0,301,Moved Permanently,AssignmentTask3 6-1,text,true,,410,134,10,13,https://imagicaaworld.com/indias-many-firsts/,854,0,0
1705667285773,1029,casestudy-2(manyfiest)-1,200,OK,AssignmentTask3 6-1,text,true,,125294,138,10,13,https://www.imagicaaworld.com/indias-many-firsts/,989,0,0
1705667286848,2464,casestudy-1,200,OK,AssignmentTask3 6-3,text,true,,164548,576,10,14,https://www.imagicaaworld.com/theme-park/?utm_source=google_sem&utm_medium=brand_keywords&gad_source=1&gclid=Cj0KCQiA2KitBhCIARIsAPPMEhL9nRlbRM3d6SQU2RDymH4kqL0RJAySppB7qMlfbGdIOYKdcEnLqA0aAlpIEALw_wcB,910,0,0
1705667286848,910,casestudy-1-0,301,Moved Permanently,AssignmentTask3 6-3,text,true,,562,286,10,14,https://imagicaaworld.com/theme-park/?utm_source=google_sem&utm_medium=brand_keywords&gad_source=1&gclid=Cj0KCQiA2KitBhCIARIsAPPMEhL9nRlbRM3d6SQU2RDymH4kqL0RJAySppB7qMlfbGdIOYKdcEnLqA0aAlpIEALw_wcB,910,0,0
1705667287758,1554,casestudy-1-1,200,OK,AssignmentTask3 6-3,text,true,,163986,290,10,14,https://www.imagicaaworld.com/theme-park/?utm_source=google_sem&utm_medium=brand_keywords&gad_source=1&gclid=Cj0KCQiA2KitBhCIARIsAPPMEhL9nRlbRM3d6SQU2RDymH4kqL0RJAySppB7qMlfbGdIOYKdcEnLqA0aAlpIEALw_wcB,1537,0,0
1705667286848,2469,casestudy-1,200,OK,AssignmentTask3 6-6,text,true,,164548,576,10,14,https://www.imagicaaworld.com/theme-park/?utm_source=google_sem&utm_medium=brand_keywords&gad_source=1&gclid=Cj0KCQiA2KitBhCIARIsAPPMEhL9nRlbRM3d6SQU2RDymH4kqL0RJAySppB7qMlfbGdIOYKdcEnLqA0aAlpIEALw_wcB,857,0,0
1705667286848,857,casestudy-1-0,301,Moved Permanently,AssignmentTask3 6-6,text,true,,562,286,10,14,https://imagicaaworld.com/theme-park/?utm_source=google_sem&utm_medium=brand_keywords&gad_source=1&gclid=Cj0KCQiA2KitBhCIARIsAPPMEhL9nRlbRM3d6SQU2RDymH4kqL0RJAySppB7qMlfbGdIOYKdcEnLqA0aAlpIEALw_wcB,857,0,0
1705667287705,1612,casestudy-1-1,200,OK,AssignmentTask3 6-6,text,true,,163986,290,10,14,https://www.imagicaaworld.com/theme-park/?utm_source=google_sem&utm_medium=brand_keywords&gad_source=1&gclid=Cj0KCQiA2KitBhCIARIsAPPMEhL9nRlbRM3d6SQU2RDymH4kqL0RJAySppB7qMlfbGdIOYKdcEnLqA0aAlpIEALw_wcB,1592,0,0
1705667286849,2528,casestudy-1,200,OK,AssignmentTask3 6-10,text,true,,164548,576,10,14,https://www.imagicaaworld.com/theme-park/?utm_source=google_sem&utm_medium=brand_keywords&gad_source=1&gclid=Cj0KCQiA2KitBhCIARIsAPPMEhL9nRlbRM3d6SQU2RDymH4kqL0RJAySppB7qMlfbGdIOYKdcEnLqA0aAlpIEALw_wcB,936,0,0
1705667286849,936,casestudy-1-0,301,Moved Permanently,AssignmentTask3 6-10,text,true,,562,286,10,14,https://imagicaaworld.com/theme-park/?utm_source=google_sem&utm_medium=brand_keywords&gad_source=1&gclid=Cj0KCQiA2KitBhCIARIsAPPMEhL9nRlbRM3d6SQU2RDymH4kqL0RJAySppB7qMlfbGdIOYKdcEnLqA0aAlpIEALw_wcB,936,0,0
1705667287785,1592,casestudy-1-1,200,OK,AssignmentTask3 6-10,text,true,,163986,290,10,14,https://www.imagicaaworld.com/theme-park/?utm_source=google_sem&utm_medium=brand_keywords&gad_source=1&gclid=Cj0KCQiA2KitBhCIARIsAPPMEhL9nRlbRM3d6SQU2RDymH4kqL0RJAySppB7qMlfbGdIOYKdcEnLqA0aAlpIEALw_wcB,1563,0,0
1705667286848,2550,casestudy-1,200,OK,AssignmentTask3 6-9,text,true,,164548,576,10,14,https://www.imagicaaworld.com/theme-park/?utm_source=google_sem&utm_medium=brand_keywords&gad_source=1&gclid=Cj0KCQiA2KitBhCIARIsAPPMEhL9nRlbRM3d6SQU2RDymH4kqL0RJAySppB7qMlfbGdIOYKdcEnLqA0aAlpIEALw_wcB,910,0,0
1705667286848,910,casestudy-1-0,301,Moved Permanently,AssignmentTask3 6-9,text,true,,562,286,10,14,https://imagicaaworld.com/theme-park/?utm_source=google_sem&utm_medium=brand_keywords&gad_source=1&gclid=Cj0KCQiA2KitBhCIARIsAPPMEhL9nRlbRM3d6SQU2RDymH4kqL0RJAySppB7qMlfbGdIOYKdcEnLqA0aAlpIEALw_wcB,910,0,0
1705667287758,1640,casestudy-1-1,200,OK,AssignmentTask3 6-9,text,true,,163986,290,10,14,https://www.imagicaaworld.com/theme-park/?utm_source=google_sem&utm_medium=brand_keywords&gad_source=1&gclid=Cj0KCQiA2KitBhCIARIsAPPMEhL9nRlbRM3d6SQU2RDymH4kqL0RJAySppB7qMlfbGdIOYKdcEnLqA0aAlpIEALw_wcB,1594,0,0
1705667286848,2614,casestudy-1,200,OK,AssignmentTask3 6-1,text,true,,164548,576,10,14,https://www.imagicaaworld.com/theme-park/?utm_source=google_sem&utm_medium=brand_keywords&gad_source=1&gclid=Cj0KCQiA2KitBhCIARIsAPPMEhL9nRlbRM3d6SQU2RDymH4kqL0RJAySppB7qMlfbGdIOYKdcEnLqA0aAlpIEALw_wcB,928,0,0
1705667286848,928,casestudy-1-0,301,Moved Permanently,AssignmentTask3 6-1,text,true,,562,286,10,14,https://imagicaaworld.com/theme-park/?utm_source=google_sem&utm_medium=brand_keywords&gad_source=1&gclid=Cj0KCQiA2KitBhCIARIsAPPMEhL9nRlbRM3d6SQU2RDymH4kqL0RJAySppB7qMlfbGdIOYKdcEnLqA0aAlpIEALw_wcB,928,0,0
1705667287776,1686,casestudy-1-1,200,OK,AssignmentTask3 6-1,text,true,,163986,290,10,14,https://www.imagicaaworld.com/theme-park/?utm_source=google_sem&utm_medium=brand_keywords&gad_source=1&gclid=Cj0KCQiA2KitBhCIARIsAPPMEhL9nRlbRM3d6SQU2RDymH4kqL0RJAySppB7qMlfbGdIOYKdcEnLqA0aAlpIEALw_wcB,1618,0,0
1705667286848,2642,casestudy-1,200,OK,AssignmentTask3 6-8,text,true,,164548,576,10,14,https://www.imagicaaworld.com/theme-park/?utm_source=google_sem&utm_medium=brand_keywords&gad_source=1&gclid=Cj0KCQiA2KitBhCIARIsAPPMEhL9nRlbRM3d6SQU2RDymH4kqL0RJAySppB7qMlfbGdIOYKdcEnLqA0aAlpIEALw_wcB,867,0,0
1705667286848,867,casestudy-1-0,301,Moved Permanently,AssignmentTask3 6-8,text,true,,562,286,10,14,https://imagicaaworld.com/theme-park/?utm_source=google_sem&utm_medium=brand_keywords&gad_source=1&gclid=Cj0KCQiA2KitBhCIARIsAPPMEhL9nRlbRM3d6SQU2RDymH4kqL0RJAySppB7qMlfbGdIOYKdcEnLqA0aAlpIEALw_wcB,867,0,0
1705667287715,1775,casestudy-1-1,200,OK,AssignmentTask3 6-8,text,true,,163986,290,10,14,https://www.imagicaaworld.com/theme-park/?utm_source=google_sem&utm_medium=brand_keywords&gad_source=1&gclid=Cj0KCQiA2KitBhCIARIsAPPMEhL9nRlbRM3d6SQU2RDymH4kqL0RJAySppB7qMlfbGdIOYKdcEnLqA0aAlpIEALw_wcB,1743,0,0
1705667286848,2679,casestudy-1,200,OK,AssignmentTask3 6-7,text,true,,164550,576,10,14,https://www.imagicaaworld.com/theme-park/?utm_source=google_sem&utm_medium=brand_keywords&gad_source=1&gclid=Cj0KCQiA2KitBhCIARIsAPPMEhL9nRlbRM3d6SQU2RDymH4kqL0RJAySppB7qMlfbGdIOYKdcEnLqA0aAlpIEALw_wcB,885,0,0
1705667286848,885,casestudy-1-0,301,Moved Permanently,AssignmentTask3 6-7,text,true,,562,286,10,14,https://imagicaaworld.com/theme-park/?utm_source=google_sem&utm_medium=brand_keywords&gad_source=1&gclid=Cj0KCQiA2KitBhCIARIsAPPMEhL9nRlbRM3d6SQU2RDymH4kqL0RJAySppB7qMlfbGdIOYKdcEnLqA0aAlpIEALw_wcB,885,0,0
1705667287733,1794,casestudy-1-1,200,OK,AssignmentTask3 6-7,text,true,,163988,290,10,14,https://www.imagicaaworld.com/theme-park/?utm_source=google_sem&utm_medium=brand_keywords&gad_source=1&gclid=Cj0KCQiA2KitBhCIARIsAPPMEhL9nRlbRM3d6SQU2RDymH4kqL0RJAySppB7qMlfbGdIOYKdcEnLqA0aAlpIEALw_wcB,1754,0,0
1705667286848,2679,casestudy-1,200,OK,AssignmentTask3 6-4,text,true,,164548,576,10,14,https://www.imagicaaworld.com/theme-park/?utm_source=google_sem&utm_medium=brand_keywords&gad_source=1&gclid=Cj0KCQiA2KitBhCIARIsAPPMEhL9nRlbRM3d6SQU2RDymH4kqL0RJAySppB7qMlfbGdIOYKdcEnLqA0aAlpIEALw_wcB,960,0,0
1705667286848,960,casestudy-1-0,301,Moved Permanently,AssignmentTask3 6-4,text,true,,562,286,10,14,https://imagicaaworld.com/theme-park/?utm_source=google_sem&utm_medium=brand_keywords&gad_source=1&gclid=Cj0KCQiA2KitBhCIARIsAPPMEhL9nRlbRM3d6SQU2RDymH4kqL0RJAySppB7qMlfbGdIOYKdcEnLqA0aAlpIEALw_wcB,960,0,0
1705667287808,1719,casestudy-1-1,200,OK,AssignmentTask3 6-4,text,true,,163986,290,10,14,https://www.imagicaaworld.com/theme-park/?utm_source=google_sem&utm_medium=brand_keywords&gad_source=1&gclid=Cj0KCQiA2KitBhCIARIsAPPMEhL9nRlbRM3d6SQU2RDymH4kqL0RJAySppB7qMlfbGdIOYKdcEnLqA0aAlpIEALw_wcB,1693,0,0
1705667286849,2733,casestudy-1,200,OK,AssignmentTask3 6-5,text,true,,164548,576,10,14,https://www.imagicaaworld.com/theme-park/?utm_source=google_sem&utm_medium=brand_keywords&gad_source=1&gclid=Cj0KCQiA2KitBhCIARIsAPPMEhL9nRlbRM3d6SQU2RDymH4kqL0RJAySppB7qMlfbGdIOYKdcEnLqA0aAlpIEALw_wcB,886,0,0
1705667286849,886,casestudy-1-0,301,Moved Permanently,AssignmentTask3 6-5,text,true,,562,286,10,14,https://imagicaaworld.com/theme-park/?utm_source=google_sem&utm_medium=brand_keywords&gad_source=1&gclid=Cj0KCQiA2KitBhCIARIsAPPMEhL9nRlbRM3d6SQU2RDymH4kqL0RJAySppB7qMlfbGdIOYKdcEnLqA0aAlpIEALw_wcB,886,0,0
1705667287735,1847,casestudy-1-1,200,OK,AssignmentTask3 6-5,text,true,,163986,290,10,14,https://www.imagicaaworld.com/theme-park/?utm_source=google_sem&utm_medium=brand_keywords&gad_source=1&gclid=Cj0KCQiA2KitBhCIARIsAPPMEhL9nRlbRM3d6SQU2RDymH4kqL0RJAySppB7qMlfbGdIOYKdcEnLqA0aAlpIEALw_wcB,1818,0,0
1705667286848,2787,casestudy-1,200,OK,AssignmentTask3 6-2,text,true,,164548,576,10,14,https://www.imagicaaworld.com/theme-park/?utm_source=google_sem&utm_medium=brand_keywords&gad_source=1&gclid=Cj0KCQiA2KitBhCIARIsAPPMEhL9nRlbRM3d6SQU2RDymH4kqL0RJAySppB7qMlfbGdIOYKdcEnLqA0aAlpIEALw_wcB,933,0,0
1705667286848,933,casestudy-1-0,301,Moved Permanently,AssignmentTask3 6-2,text,true,,562,286,10,14,https://imagicaaworld.com/theme-park/?utm_source=google_sem&utm_medium=brand_keywords&gad_source=1&gclid=Cj0KCQiA2KitBhCIARIsAPPMEhL9nRlbRM3d6SQU2RDymH4kqL0RJAySppB7qMlfbGdIOYKdcEnLqA0aAlpIEALw_wcB,933,0,0
1705667287781,1854,casestudy-1-1,200,OK,AssignmentTask3 6-2,text,true,,163986,290,10,14,https://www.imagicaaworld.com/theme-park/?utm_source=google_sem&utm_medium=brand_keywords&gad_source=1&gclid=Cj0KCQiA2KitBhCIARIsAPPMEhL9nRlbRM3d6SQU2RDymH4kqL0RJAySppB7qMlfbGdIOYKdcEnLqA0aAlpIEALw_wcB,1801,0,0
1705667289688,2167,casestudy-3(familyrides),200,OK,AssignmentTask3 6-8,text,true,,116045,298,10,14,https://www.imagicaaworld.com/water-park/family-rides/floatsa/,942,0,0
1705667289688,942,casestudy-3(familyrides)-0,301,Moved Permanently,AssignmentTask3 6-8,text,true,,423,147,10,14,https://imagicaaworld.com/water-park/family-rides/floatsa/,942,0,0
1705667290630,1225,casestudy-3(familyrides)-1,200,OK,AssignmentTask3 6-8,text,true,,115622,151,10,14,https://www.imagicaaworld.com/water-park/family-rides/floatsa/,1211,0,0
1705667289687,2168,casestudy-3(familyrides),200,OK,AssignmentTask3 6-2,text,true,,116045,298,10,14,https://www.imagicaaworld.com/water-park/family-rides/floatsa/,941,0,0
1705667289687,941,casestudy-3(familyrides)-0,301,Moved Permanently,AssignmentTask3 6-2,text,true,,423,147,10,14,https://imagicaaworld.com/water-park/family-rides/floatsa/,941,0,0
1705667290628,1227,casestudy-3(familyrides)-1,200,OK,AssignmentTask3 6-2,text,true,,115622,151,10,14,https://www.imagicaaworld.com/water-park/family-rides/floatsa/,1187,0,0
1705667289687,2177,casestudy-3(familyrides),200,OK,AssignmentTask3 6-10,text,true,,116045,298,10,14,https://www.imagicaaworld.com/water-park/family-rides/floatsa/,1041,0,0
1705667289687,1041,casestudy-3(familyrides)-0,301,Moved Permanently,AssignmentTask3 6-10,text,true,,423,147,10,14,https://imagicaaworld.com/water-park/family-rides/floatsa/,1041,0,0
1705667290728,1136,casestudy-3(familyrides)-1,200,OK,AssignmentTask3 6-10,text,true,,115622,151,10,14,https://www.imagicaaworld.com/water-park/family-rides/floatsa/,1127,0,0
1705667289687,2228,casestudy-3(familyrides),200,OK,AssignmentTask3 6-1,text,true,,116045,298,10,14,https://www.imagicaaworld.com/water-park/family-rides/floatsa/,967,0,0
1705667289687,967,casestudy-3(familyrides)-0,301,Moved Permanently,AssignmentTask3 6-1,text,true,,423,147,10,14,https://imagicaaworld.com/water-park/family-rides/floatsa/,967,0,0
1705667290654,1261,casestudy-3(familyrides)-1,200,OK,AssignmentTask3 6-1,text,true,,115622,151,10,14,https://www.imagicaaworld.com/water-park/family-rides/floatsa/,1162,0,0
1705667289688,2246,casestudy-3(familyrides),200,OK,AssignmentTask3 6-5,text,true,,116045,298,10,14,https://www.imagicaaworld.com/water-park/family-rides/floatsa/,1129,0,0
1705667289688,1129,casestudy-3(familyrides)-0,301,Moved Permanently,AssignmentTask3 6-5,text,true,,423,147,10,14,https://imagicaaworld.com/water-park/family-rides/floatsa/,1129,0,0
1705667290817,1117,casestudy-3(familyrides)-1,200,OK,AssignmentTask3 6-5,text,true,,115622,151,10,14,https://www.imagicaaworld.com/water-park/family-rides/floatsa/,1101,0,0
1705667289687,2247,casestudy-3(familyrides),200,OK,AssignmentTask3 6-9,text,true,,116061,298,10,14,https://www.imagicaaworld.com/water-park/family-rides/floatsa/,1178,0,0
1705667289687,1178,casestudy-3(familyrides)-0,301,Moved Permanently,AssignmentTask3 6-9,text,true,,423,147,10,14,https://imagicaaworld.com/water-park/family-rides/floatsa/,1178,0,0
1705667290865,1069,casestudy-3(familyrides)-1,200,OK,AssignmentTask3 6-9,text,true,,115638,151,10,14,https://www.imagicaaworld.com/water-park/family-rides/floatsa/,1068,0,0
1705667289688,2256,casestudy-3(familyrides),200,OK,AssignmentTask3 6-7,text,true,,116052,298,10,14,https://www.imagicaaworld.com/water-park/family-rides/floatsa/,1129,0,0
1705667289688,1129,casestudy-3(familyrides)-0,301,Moved Permanently,AssignmentTask3 6-7,text,true,,423,147,10,14,https://imagicaaworld.com/water-park/family-rides/floatsa/,1129,0,0
1705667290817,1127,casestudy-3(familyrides)-1,200,OK,AssignmentTask3 6-7,text,true,,115629,151,10,14,https://www.imagicaaworld.com/water-park/family-rides/floatsa/,1099,0,0
1705667289688,2266,casestudy-3(familyrides),200,OK,AssignmentTask3 6-4,text,true,,116045,298,10,14,https://www.imagicaaworld.com/water-park/family-rides/floatsa/,1129,0,0
1705667289688,1129,casestudy-3(familyrides)-0,301,Moved Permanently,AssignmentTask3 6-4,text,true,,423,147,10,14,https://imagicaaworld.com/water-park/family-rides/floatsa/,1129,0,0
1705667290817,1137,casestudy-3(familyrides)-1,200,OK,AssignmentTask3 6-4,text,true,,115622,151,10,14,https://www.imagicaaworld.com/water-park/family-rides/floatsa/,1127,0,0
1705667289687,2276,casestudy-3(familyrides),200,OK,AssignmentTask3 6-6,text,true,,116045,298,10,14,https://www.imagicaaworld.com/water-park/family-rides/floatsa/,1130,0,0
1705667289687,1130,casestudy-3(familyrides)-0,301,Moved Permanently,AssignmentTask3 6-6,text,true,,423,147,10,14,https://imagicaaworld.com/water-park/family-rides/floatsa/,1130,0,0
1705667290817,1146,casestudy-3(familyrides)-1,200,OK,AssignmentTask3 6-6,text,true,,115622,151,10,14,https://www.imagicaaworld.com/water-park/family-rides/floatsa/,1136,0,0
1705667289687,2352,casestudy-3(familyrides),200,OK,AssignmentTask3 6-3,text,true,,116045,298,10,14,https://www.imagicaaworld.com/water-park/family-rides/floatsa/,1130,0,0
1705667289687,1130,casestudy-3(familyrides)-0,301,Moved Permanently,AssignmentTask3 6-3,text,true,,423,147,10,14,https://imagicaaworld.com/water-park/family-rides/floatsa/,1130,0,0
1705667290817,1222,casestudy-3(familyrides)-1,200,OK,AssignmentTask3 6-3,text,true,,115622,151,10,14,https://www.imagicaaworld.com/water-park/family-rides/floatsa/,1151,0,0
1705667292083,2319,casestudy-2(manyfiest),200,OK,AssignmentTask3 6-3,text,true,,125704,272,10,14,https://www.imagicaaworld.com/indias-many-firsts/,711,0,0
1705667292083,711,casestudy-2(manyfiest)-0,301,Moved Permanently,AssignmentTask3 6-3,text,true,,410,134,10,14,https://imagicaaworld.com/indias-many-firsts/,711,0,0
1705667292794,1608,casestudy-2(manyfiest)-1,200,OK,AssignmentTask3 6-3,text,true,,125294,138,10,14,https://www.imagicaaworld.com/indias-many-firsts/,1572,0,0
1705667292083,2326,casestudy-2(manyfiest),200,OK,AssignmentTask3 6-4,text,true,,125704,272,10,14,https://www.imagicaaworld.com/indias-many-firsts/,881,0,0
1705667292083,881,casestudy-2(manyfiest)-0,301,Moved Permanently,AssignmentTask3 6-4,text,true,,410,134,10,14,https://imagicaaworld.com/indias-many-firsts/,881,0,0
1705667292964,1445,casestudy-2(manyfiest)-1,200,OK,AssignmentTask3 6-4,text,true,,125294,138,10,14,https://www.imagicaaworld.com/indias-many-firsts/,1419,0,0
1705667292083,2424,casestudy-2(manyfiest),200,OK,AssignmentTask3 6-5,text,true,,125710,272,8,12,https://www.imagicaaworld.com/indias-many-firsts/,789,0,0
1705667292083,789,casestudy-2(manyfiest)-0,301,Moved Permanently,AssignmentTask3 6-5,text,true,,410,134,8,12,https://imagicaaworld.com/indias-many-firsts/,789,0,0
1705667292872,1635,casestudy-2(manyfiest)-1,200,OK,AssignmentTask3 6-5,text,true,,125300,138,8,12,https://www.imagicaaworld.com/indias-many-firsts/,1604,0,0
1705667292083,2432,casestudy-2(manyfiest),200,OK,AssignmentTask3 6-10,text,true,,125712,272,8,12,https://www.imagicaaworld.com/indias-many-firsts/,999,0,0
1705667292083,999,casestudy-2(manyfiest)-0,301,Moved Permanently,AssignmentTask3 6-10,text,true,,410,134,8,12,https://imagicaaworld.com/indias-many-firsts/,999,0,0
1705667293082,1433,casestudy-2(manyfiest)-1,200,OK,AssignmentTask3 6-10,text,true,,125302,138,8,12,https://www.imagicaaworld.com/indias-many-firsts/,1407,0,0
1705667292083,2457,casestudy-2(manyfiest),200,OK,AssignmentTask3 6-7,text,true,,125712,272,8,12,https://www.imagicaaworld.com/indias-many-firsts/,905,0,0
1705667292083,905,casestudy-2(manyfiest)-0,301,Moved Permanently,AssignmentTask3 6-7,text,true,,410,134,8,12,https://imagicaaworld.com/indias-many-firsts/,905,0,0
1705667292988,1552,casestudy-2(manyfiest)-1,200,OK,AssignmentTask3 6-7,text,true,,125302,138,8,12,https://www.imagicaaworld.com/indias-many-firsts/,1506,0,0
1705667292083,2478,casestudy-2(manyfiest),200,OK,AssignmentTask3 6-8,text,true,,125704,272,7,11,https://www.imagicaaworld.com/indias-many-firsts/,1023,0,0
1705667292083,2478,casestudy-2(manyfiest),200,OK,AssignmentTask3 6-1,text,true,,125704,272,7,11,https://www.imagicaaworld.com/indias-many-firsts/,1023,0,0
1705667292083,1023,casestudy-2(manyfiest)-0,301,Moved Permanently,AssignmentTask3 6-8,text,true,,410,134,7,11,https://imagicaaworld.com/indias-many-firsts/,1023,0,0
1705667292083,1023,casestudy-2(manyfiest)-0,301,Moved Permanently,AssignmentTask3 6-1,text,true,,410,134,7,11,https://imagicaaworld.com/indias-many-firsts/,1023,0,0
1705667293106,1455,casestudy-2(manyfiest)-1,200,OK,AssignmentTask3 6-8,text,true,,125294,138,7,11,https://www.imagicaaworld.com/indias-many-firsts/,1435,0,0
1705667293106,1455,casestudy-2(manyfiest)-1,200,OK,AssignmentTask3 6-1,text,true,,125294,138,7,11,https://www.imagicaaworld.com/indias-many-firsts/,1401,0,0
1705667292083,2536,casestudy-2(manyfiest),200,OK,AssignmentTask3 6-2,text,true,,125704,272,5,9,https://www.imagicaaworld.com/indias-many-firsts/,972,0,0
1705667292083,972,casestudy-2(manyfiest)-0,301,Moved Permanently,AssignmentTask3 6-2,text,true,,410,134,5,9,https://imagicaaworld.com/indias-many-firsts/,972,0,0
1705667293055,1564,casestudy-2(manyfiest)-1,200,OK,AssignmentTask3 6-2,text,true,,125294,138,5,9,https://www.imagicaaworld.com/indias-many-firsts/,1545,0,0
1705667292083,2588,casestudy-2(manyfiest),200,OK,AssignmentTask3 6-9,text,true,,125704,272,2,6,https://www.imagicaaworld.com/indias-many-firsts/,1023,0,0
1705667292083,1023,casestudy-2(manyfiest)-0,301,Moved Permanently,AssignmentTask3 6-9,text,true,,410,134,2,6,https://imagicaaworld.com/indias-many-firsts/,1023,0,0
1705667293106,1565,casestudy-2(manyfiest)-1,200,OK,AssignmentTask3 6-9,text,true,,125294,138,2,6,https://www.imagicaaworld.com/indias-many-firsts/,1547,0,0
1705667292084,2656,casestudy-2(manyfiest),200,OK,AssignmentTask3 6-6,text,true,,125704,272,1,5,https://www.imagicaaworld.com/indias-many-firsts/,1300,0,0
1705667292084,1300,casestudy-2(manyfiest)-0,301,Moved Permanently,AssignmentTask3 6-6,text,true,,410,134,1,5,https://imagicaaworld.com/indias-many-firsts/,1300,0,0
1705667293384,1356,casestudy-2(manyfiest)-1,200,OK,AssignmentTask3 6-6,text,true,,125294,138,1,5,https://www.imagicaaworld.com/indias-many-firsts/,1332,0,0
